lemma,gender,plural,translation
Tisch,der,Tische,table
Stuhl,der,Stühle,chair
Lampe,die,Lampen,lamp
Buch,das,Bücher,book
Fenster,das,Fenster,window
Tür,die,Türen,door
Zimmer,das,Zimmer,room
Küche,die,Küchen,kitchen
Bett,das,Betten,bed
Schlüssel,der,Schlüssel,key
Haus,das,Häuser,house
Stadt,die,Städte,city
Straße,die,Straßen,street
Auto,das,Autos,car
Zug,der,Züge,train
Land,das,Länder,country
Hund,der,Hunde,dog
Katze,die,Katzen,cat
Baum,der,Bäume,tree
Blume,die,Blumen,flower
Berg,der,Berge,mountain
Meer,das,Meere,sea
See,der,Seen,lake
Sonne,die,Sonnen,sun
Mond,der,Monde,moon
Regen,der,,rain
Wetter,das,,weather
Wasser,das,,water
Milch,die,,milk
Brot,das,Brote,bread
Apfel,der,Äpfel,apple
Banane,die,Bananen,banana
Ei,das,Eier,egg
Käse,der,Käse,cheese
Kartoffel,die,Kartoffeln,potato
Messer,das,Messer,knife
Gabel,die,Gabeln,fork
Löffel,der,Löffel,spoon
Teller,der,Teller,plate
Tasse,die,Tassen,cup
Glas,das,Gläser,glass
Mann,der,Männer,man
Frau,die,Frauen,woman
Kind,das,Kinder,child
Mädchen,das,Mädchen,girl
Junge,der,Jungen,boy
Mutter,die,Mütter,mother
Vater,der,Väter,father
Bruder,der,Brüder,brother
Schwester,die,Schwestern,sister
Freund,der,Freunde,friend
Schule,die,Schulen,school
Lehrer,der,Lehrer,teacher
Arbeit,die,Arbeiten,work
Geld,das,Gelder,money
Zeit,die,Zeiten,time
Tag,der,Tage,day
Nacht,die,Nächte,night
Woche,die,Wochen,week
Monat,der,Monate,month
Jahr,das,Jahre,year
Uhr,die,Uhren,clock
Zeitung,die,Zeitungen,newspaper
Handy,das,Handys,mobile phone
Computer,der,Computer,computer
Problem,das,Probleme,problem
Frage,die,Fragen,question
Antwort,die,Antworten,answer
Name,der,Namen,name
Information,die,Informationen,information
